Row,检测率,资源效率,收敛性,策略多样性
Q-Learning-1,0.0511,0.166582039311122,0.0229811268540151,5.15733798699143
SARSA-2,0.0569,0.283390052331573,0.0237958451183894,5.15198453045204
DoubleQ-3,0.0529,0.127685158356021,0.0199565375251568,5.16101004438929
