StationValue,AttackStrategy,ActualAttack,PerceivedAttack,DefenseStrategy
0.232800490782939,0.200000380242623,0.191980198019802,0.184762946869405,0.217058317264275
0.280650631202537,0.199999824530681,0.205544554455446,0.196676684961419,0.267214719907487
0.166456629304996,0.199999460861819,0.236930693069307,0.262833375935613,0.185833866482622
0.197968944683302,0.200000118293635,0.212673267326733,0.227622238389057,0.225493765858031
0.122123304026226,0.200000216071242,0.152871287128713,0.128104753844506,0.104399330487584
